{
  "left-cam2": {
    "u1_poly": [
      0.00021970678489932337,
      -0.024790982815225373,
      128.67934291844102
    ],
    "std_poly": [
      0.0018804675908004273,
      -0.20933921590032994,
      10.193214744327967
    ],
    "rmse_u1": 0.021558985741987915,
    "rmse_std": 0.050324688383138076,
    "gain": 4,
    "T_range": [
      53.22700119018555,
      76.052001953125
    ],
    "n_points": 241
  },
  "left-cam3": {
    "u1_poly": [
      0.00011084708923700527,
      -0.01265534252228938,
      128.29940418586338
    ],
    "std_poly": [
      0.0019481593462462165,
      -0.22727353752220975,
      8.449933946097307
    ],
    "rmse_u1": 0.014976709965364038,
    "rmse_std": 0.07193775144632854,
    "gain": 2,
    "T_range": [
      39.21500015258789,
      98.03500366210938
    ],
    "n_points": 241
  },
  "left-cam6": {
    "u1_poly": [
      0.0001554937942617555,
      -0.019602664594291955,
      128.6238042060082
    ],
    "std_poly": [
      0.002457324383806924,
      -0.3132667597718419,
      12.162672856271053
    ],
    "rmse_u1": 0.015111671778913045,
    "rmse_std": 0.048221140663616636,
    "gain": 2,
    "T_range": [
      53.007999420166016,
      97.10299682617188
    ],
    "n_points": 241
  },
  "left-cam7": {
    "u1_poly": [
      0.00026718683619217934,
      -0.03473700788659393,
      129.14435046022683
    ],
    "std_poly": [
      0.005675514642506928,
      -0.7648143730237094,
      30.155996612328245
    ],
    "rmse_u1": 0.02419079821145581,
    "rmse_std": 0.20888367870476846,
    "gain": 4,
    "T_range": [
      60.14899826049805,
      96.09200286865234
    ],
    "n_points": 241
  },
  "right-cam2": {
    "u1_poly": [
      0.0001952367692827346,
      -0.020589041779798044,
      128.41895315674427
    ],
    "std_poly": [
      0.003285204999425417,
      -0.38107581993436496,
      15.014180353618617
    ],
    "rmse_u1": 0.02194208846842951,
    "rmse_std": 0.10194448633177328,
    "gain": 4,
    "T_range": [
      43.202999114990234,
      93.05899810791016
    ],
    "n_points": 241
  },
  "right-cam3": {
    "u1_poly": [
      0.0003172679814820666,
      -0.04444463294826018,
      129.5032622106356
    ],
    "std_poly": [
      0.0034595658405948554,
      -0.4588468773471473,
      16.89093494278666
    ],
    "rmse_u1": 0.024559954001309718,
    "rmse_std": 0.1497875413399156,
    "gain": 2,
    "T_range": [
      46.077999114990234,
      111.1719970703125
    ],
    "n_points": 241
  },
  "right-cam6": {
    "u1_poly": [
      0.0003046062955346184,
      -0.04324960950133677,
      129.4822627705887
    ],
    "std_poly": [
      0.003978041525390147,
      -0.5516287506157721,
      21.455661944192578
    ],
    "rmse_u1": 0.01709388794811083,
    "rmse_std": 0.09874255762499132,
    "gain": 2,
    "T_range": [
      57.220001220703125,
      108.04499816894531
    ],
    "n_points": 241
  },
  "right-cam7": {
    "u1_poly": [
      0.0003959798904952063,
      -0.05433925716894758,
      129.8194447488929
    ],
    "std_poly": [
      0.00661789984220781,
      -0.9250054124991394,
      37.12940990030886
    ],
    "rmse_u1": 0.02512356098958788,
    "rmse_std": 0.18475241247079868,
    "gain": 4,
    "T_range": [
      64.00399780273438,
      100.05799865722656
    ],
    "n_points": 241
  }
}